Thresholds;1;2;3;4;5
levenshtein;0.04641;0.10391;0.14766;0.21719;0.24844
intermediate;0.11016;0.23047;0.37344;0.53594;0.64219
restricted;0.09349;0.20078;0.30156;0.44219;0.50781
trielevenshtein;0.22344;0.22656;0.20469;0.2125;0.21094
