Thresholds;1;2;3;4;5
levenshtein;0.09703;0.19297;0.37656;0.4875;0.57812
intermediate;0.19948;0.48438;0.91094;1.28594;1.55937
restricted;0.17552;0.38438;0.72813;0.99062;1.19687
trielevenshtein;0.40781;0.41094;0.45469;0.48906;0.47031
