Thresholds;1;2;3;4;5
levenshtein;0.17708;0.33203;0.53438;0.74375;1.10312
intermediate;0.31094;0.71719;1.39844;2.18438;2.56875
restricted;0.32318;0.58437;1.03281;1.46094;1.90156
trielevenshtein;0.84375;0.80781;0.88594;0.86719;0.87344
